{
    "Agent": {
        "total": 2.2110068999993473
    },
    "Env": {
        "apply_act": 0.11000410000019656,
        "observation_computation": 0.10970819999988635,
        "powerflow_computation": 0.06179829999928188,
        "total": 0.2815105999993648
    },
    "total": 2.553515300000072
}