{
    "Agent": {
        "total": 4.654121200004511
    },
    "Env": {
        "apply_act": 0.4659308000002511,
        "observation_computation": 0.46355019999714386,
        "powerflow_computation": 0.26739199999906305,
        "total": 1.196872999996458
    },
    "total": 6.1039367999999286
}